Column1,name,Random Forest,Logistic Regression,SVM,NN,Random Forest std,Logistic Regression std,SVM std,NN std,min std=rf,max,2 feat max
24,"GCC, spectral radius",89.18%,55.54%,89.16%,77.29%,0.004467329,0.025268944,0.008125961,0.06084509,0.8918125,0.8918125,0.8918125
13,"GCC, SCC",85.38%,55.42%,65.76%,67.42%,0.006321157,0.034476045,0.040917982,0.142290979,0.8538125,0.8538125,0.8538125
17,"GCC, den",82.13%,53.66%,81.39%,72.30%,0.009879943,0.018241436,0.00824929,0.120047452,0,0.8213125,0.8213125
14,"GCC, APL",81.79%,50.81%,61.58%,64.46%,0.009474678,0.030842911,0.026762555,0.136540988,0.8179375,0.8179375,0.8179375
23,"GCC, effective graph resistence",81.76%,55.98%,81.49%,79.74%,0.008332917,0.019937794,0.007743193,0.021553803,0,0.817625,0.817625
15,"GCC, r",78.19%,72.74%,79.63%,81.33%,0.005354612,0.013648632,0.018141049,0.00829533,0.781875,0.81325,0.781875
20,"GCC, closeness centralization",76.98%,62.03%,74.04%,74.59%,0.00819227,0.015161243,0.01014042,0.01280335,0.7698125,0.7698125,0.7698125
22,"GCC, eigenvector centralization",75.47%,56.89%,75.97%,71.29%,0.010757447,0.013340639,0.009173884,0.023048946,0,0.7596875,0.7546875
19,"GCC, degree centralization",75.01%,61.60%,73.54%,74.56%,0.012571048,0.018547237,0.011401926,0.011317333,0,0.750125,0.750125
18,"GCC, edge connectivity",73.53%,63.53%,76.83%,75.77%,0.012238675,0.015039661,0.005367728,0.016012812,0,0.76825,0.7353125
21,"GCC, betweeness centralization",71.34%,51.04%,62.38%,69.58%,0.012142384,0.025528859,0.020950089,0.018956776,0.713375,0.713375,0.713375
26,"SCC, r",70.13%,59.54%,70.15%,71.47%,0.011124298,0.01700425,0.011816302,0.013897645,0.70125,0.7146875,0.70125
35,"SCC, spectral radius",64.87%,35.76%,39.23%,60.99%,0.01281311,0.012030073,0.020894172,0.049132156,0,0.6486875,0.6486875
16,"GCC, diam",62.79%,49.95%,60.84%,65.63%,0.009462302,0.022506596,0.028227937,0.101451747,0.6279375,0.6563125,0.6279375
0,GCC,62.63%,50.44%,68.58%,64.40%,0.006714025,0.030646676,0.010584666,0.038529818,0.62625,0.6858125,0.62625
25,"SCC, APL",61.90%,26.31%,54.24%,49.14%,0.007284401,0.04699439,0.013313527,0.131570457,0.619,0.619,0.619
34,"SCC, effective graph resistence",61.89%,38.44%,46.27%,45.95%,0.013843574,0.012180286,0.006818232,0.074163986,0,0.6189375,0.6189375
28,"SCC, den",61.67%,28.86%,37.42%,54.55%,0.005316543,0.023853066,0.012193268,0.111512962,0.61675,0.61675,0.61675
52,"r, eigenvector centralization",61.61%,58.67%,66.09%,63.81%,0.010224244,0.021440415,0.011302655,0.016147392,0.6160625,0.660875,0.6160625
48,"r, edge connectivity",61.36%,63.77%,68.46%,68.88%,0.010683844,0.011713374,0.01251936,0.00485734,0,0.68875,0.6135625
31,"SCC, closeness centralization",61.31%,46.40%,56.65%,55.10%,0.009750801,0.012019515,0.009040707,0.023969707,0,0.613125,0.613125
30,"SCC, degree centralization",60.89%,45.60%,58.07%,56.69%,0.01282941,0.019489981,0.013756958,0.0358011,0.608875,0.608875,0.608875
50,"r, closeness centralization",60.84%,62.36%,66.51%,65.56%,0.009376042,0.014553377,0.006553863,0.012325184,0,0.665125,0.6084375
49,"r, degree centralization",60.38%,61.19%,66.02%,65.64%,0.010916766,0.016925849,0.005709094,0.0081875,0,0.66025,0.6038125
51,"r, betweeness centralization",59.96%,54.59%,61.92%,54.92%,0.009313129,0.014901237,0.008664989,0.036178863,0,0.6191875,0.599625
53,"r, effective graph resistence",59.14%,58.28%,63.31%,63.54%,0.011811673,0.026638788,0.009249155,0.015078441,0,0.635375,0.591375
45,"APL, spectral radius",57.41%,27.20%,29.78%,30.99%,0.012412821,0.012728536,0.005201037,0.061008965,0,0.574125,0.574125
36,"APL, r",56.76%,50.27%,53.39%,52.93%,0.01281311,0.010868712,0.013658216,0.008722278,0,0.5675625,0.5675625
69,"den, spectral radius",56.72%,32.30%,59.54%,50.38%,0.010555841,0.025905176,0.012708265,0.127155924,0.5671875,0.595375,0.5671875
33,"SCC, eigenvector centralization",56.32%,35.59%,59.24%,48.02%,0.008893686,0.022123941,0.007894816,0.087618246,0,0.592375,0.5631875
54,"r, spectral radius",55.21%,54.82%,59.34%,59.02%,0.008221542,0.013796654,0.005654437,0.010727629,0,0.5934375,0.552125
82,"closeness centralization, eigenvector centralization",55.01%,48.06%,54.29%,54.54%,0.006160611,0.014879726,0.011219403,0.016627937,0.550125,0.550125,0.550125
46,"r, diam",54.99%,52.32%,61.68%,53.86%,0.010313258,0.012085147,0.015043686,0.009378333,0,0.61675,0.5499375
90,"effective graph resistence, spectral radius",54.86%,36.08%,56.93%,56.41%,0.011527142,0.033305874,0.011559797,0.014247396,0.548625,0.5693125,0.548625
84,"closeness centralization, spectral radius",54.75%,46.62%,49.28%,48.01%,0.009453835,0.011707536,0.010440494,0.018234154,0.5475,0.5475,0.5475
27,"SCC, diam",54.63%,29.45%,58.64%,48.71%,0.008747544,0.041016193,0.016211613,0.123738383,0.5463125,0.5864375,0.5463125
80,"degree centralization, spectral radius",54.32%,46.98%,49.10%,48.82%,0.008430784,0.011663244,0.011399013,0.013940302,0.54325,0.54325,0.54325
78,"degree centralization, eigenvector centralization",53.75%,47.48%,54.45%,55.67%,0.008619564,0.018430719,0.014371739,0.012323916,0.5375,0.5566875,0.5375
32,"SCC, betweeness centralization",53.53%,24.32%,52.23%,44.28%,0.008226292,0.013605634,0.011645982,0.160880439,0.53525,0.53525,0.53525
29,"SCC, edge connectivity",53.41%,36.86%,46.97%,39.61%,0.010266755,0.011245833,0.012906666,0.078970945,0.534125,0.534125,0.534125
85,"betweeness centralization, eigenvector centralization",52.39%,28.86%,51.19%,44.97%,0.006495491,0.020523995,0.012298374,0.06492258,0.5239375,0.5239375,0.5239375
47,"r, den",52.01%,53.03%,54.53%,52.66%,0.0051875,0.019908384,0.010592598,0.011812996,0.5200625,0.54525,0.5200625
77,"degree centralization, betweeness centralization",50.95%,42.54%,46.40%,45.88%,0.013598024,0.016117367,0.010688048,0.008598919,0,0.5095,0.5095
56,"diam, edge connectivity",50.16%,38.60%,49.87%,39.91%,0.007327175,0.014610035,0.010512084,0.01090531,0.501625,0.501625,0.501625
65,"den, closeness centralization",50.01%,43.39%,46.25%,46.28%,0.007444849,0.015273036,0.012999399,0.011299371,0.5000625,0.5000625,0.5000625
81,"closeness centralization, betweeness centralization",49.97%,43.47%,45.44%,45.73%,0.013332438,0.008826673,0.013654355,0.013784616,0,0.4996875,0.4996875
68,"den, effective graph resistence",49.73%,30.39%,52.36%,52.22%,0.00830192,0.016842677,0.016078543,0.021980549,0.49725,0.5235625,0.49725
41,"APL, closeness centralization",49.72%,43.31%,45.42%,45.55%,0.008611402,0.008112731,0.010806537,0.009657413,0,0.49725,0.49725
83,"closeness centralization, effective graph resistence",49.56%,44.28%,48.42%,47.87%,0.010604576,0.009380207,0.010958195,0.011346806,0,0.4955625,0.4955625
76,"degree centralization, closeness centralization",49.19%,44.08%,45.09%,45.46%,0.009911523,0.018143956,0.010607338,0.009262028,0,0.4919375,0.4919375
79,"degree centralization, effective graph resistence",49.06%,44.11%,49.14%,48.11%,0.015080513,0.020962765,0.013401259,0.008077022,0,0.491375,0.490625
44,"APL, effective graph resistence",48.73%,30.43%,42.24%,40.59%,0.009710859,0.01686678,0.012000814,0.054733909,0.4873125,0.4873125,0.4873125
43,"APL, eigenvector centralization",46.96%,29.18%,50.56%,42.47%,0.004601715,0.016513371,0.01281311,0.069580355,0.4695625,0.5055625,0.4695625
88,"eigenvector centralization, effective graph resistence",46.72%,36.18%,49.14%,49.36%,0.010994317,0.019828956,0.01463568,0.013139278,0.46725,0.493625,0.46725
89,"eigenvector centralization, spectral radius",46.71%,38.64%,49.33%,51.34%,0.010588909,0.013842868,0.00926519,0.006674345,0,0.513375,0.467125
67,"den, eigenvector centralization",46.56%,31.82%,46.72%,45.96%,0.012257013,0.032270161,0.008543318,0.011093354,0,0.4671875,0.465625
1,SCC,46.49%,24.70%,54.20%,54.79%,0.00975801,0.018811981,0.009004339,0.006466259,0,0.547875,0.464875
71,"edge connectivity, closeness centralization",46.46%,48.32%,51.81%,51.09%,0.007390873,0.007753276,0.006900238,0.013962142,0,0.5180625,0.464625
70,"edge connectivity, degree centralization",45.79%,48.29%,51.39%,50.02%,0.00739008,0.013434447,0.012173229,0.009638181,0.4579375,0.513875,0.4579375
39,"APL, edge connectivity",45.48%,34.42%,39.68%,39.86%,0.015212171,0.010224244,0.013224179,0.01067287,0,0.4548125,0.4548125
3,r,45.38%,49.75%,53.40%,53.19%,0.007389816,0.017537905,0.013152352,0.011046776,0.45375,0.534,0.45375
60,"diam, eigenvector centralization",45.06%,33.00%,50.69%,47.10%,0.009232246,0.019789912,0.012285662,0.079465598,0.450625,0.506875,0.450625
63,"den, edge connectivity",44.22%,38.17%,42.49%,39.33%,0.013250147,0.010968884,0.010772687,0.036052317,0,0.4421875,0.4421875
64,"den, degree centralization",44.13%,43.58%,46.76%,43.42%,0.010888103,0.012750766,0.014359911,0.086587226,0.4413125,0.4675625,0.4413125
86,"betweeness centralization, effective graph resistence",44.01%,31.80%,42.89%,39.12%,0.010935893,0.01224043,0.00526486,0.067061918,0,0.440125,0.440125
40,"APL, degree centralization",43.56%,42.57%,45.86%,45.66%,0.012178522,0.0135625,0.013451446,0.009454662,0,0.4585625,0.4355625
57,"diam, degree centralization",42.87%,43.11%,46.23%,43.34%,0.010554916,0.012906061,0.010876437,0.057832733,0.42875,0.46225,0.42875
7,degree centralization,42.58%,43.00%,46.11%,45.42%,0.007801492,0.009287088,0.009143175,0.009568013,0.4258125,0.4610625,0.4258125
72,"edge connectivity, betweeness centralization",42.53%,35.28%,39.75%,37.35%,0.009130991,0.014266438,0.012664542,0.049703967,0.42525,0.42525,0.42525
73,"edge connectivity, eigenvector centralization",42.33%,38.60%,47.61%,48.63%,0.009357484,0.016843025,0.011082256,0.012451311,0.42325,0.4863125,0.42325
74,"edge connectivity, effective graph resistence",41.94%,40.91%,48.43%,46.41%,0.011132897,0.018435381,0.005386978,0.012652816,0,0.4843125,0.4194375
75,"edge connectivity, spectral radius",41.59%,44.25%,47.72%,42.04%,0.011538827,0.016844881,0.012982109,0.087491093,0.4159375,0.4771875,0.4159375
8,closeness centralization,41.24%,43.21%,46.00%,45.96%,0.007040341,0.013276065,0.015137392,0.009342443,0.4124375,0.46,0.4124375
42,"APL, betweeness centralization",41.19%,24.58%,38.42%,31.43%,0.010160624,0.017450936,0.009239859,0.070633185,0,0.4119375,0.4119375
58,"diam, closeness centralization",40.73%,44.09%,45.09%,45.39%,0.011029258,0.008339711,0.011629871,0.013769305,0,0.453875,0.4073125
87,"betweeness centralization, spectral radius",40.61%,31.15%,35.32%,36.61%,0.0082018,0.019683432,0.007902976,0.056314408,0,0.4060625,0.4060625
61,"diam, effective graph resistence",40.33%,32.49%,43.99%,43.01%,0.009552691,0.019624303,0.013334049,0.013496093,0.4033125,0.439875,0.4033125
38,"APL, den",39.78%,18.26%,21.99%,23.94%,0.007016999,0.016038162,0.013854151,0.01101845,0.3978125,0.3978125,0.3978125
6,edge connectivity,39.48%,35.63%,39.56%,40.21%,0.004560359,0.017659983,0.012048081,0.012126289,0.39475,0.402125,0.39475
62,"diam, spectral radius",39.42%,29.94%,35.98%,39.28%,0.006374081,0.014015756,0.008700979,0.042127272,0.3941875,0.3941875,0.3941875
66,"den, betweeness centralization",39.26%,28.09%,32.76%,35.69%,0.010263901,0.040679051,0.013254716,0.02200932,0.3925625,0.3925625,0.3925625
55,"diam, den",39.09%,22.08%,26.01%,27.69%,0.011065324,0.020512572,0.011094234,0.01108719,0.3909375,0.3909375,0.3909375
37,"APL, diam",38.87%,23.88%,23.91%,20.58%,0.008354686,0.005172418,0.005450416,0.053792716,0,0.3886875,0.3886875
59,"diam, betweeness centralization",38.83%,30.91%,41.90%,37.30%,0.008376166,0.066854699,0.011626344,0.071892281,0.3883125,0.419,0.3883125
10,eigenvector centralization,37.31%,28.78%,46.17%,46.03%,0.011483684,0.014722034,0.011517819,0.012575398,0.373125,0.4616875,0.373125
2,APL,37.31%,12.21%,29.88%,11.62%,0.009617692,0.029507944,0.009462095,0.00147902,0,0.373125,0.373125
11,effective graph resistence,37.23%,30.89%,43.48%,42.77%,0.009454042,0.028688521,0.011232799,0.015472253,0.3723125,0.4348125,0.3723125
5,den,33.26%,18.64%,26.43%,22.17%,0.008680303,0.02382357,0.007025623,0.013234809,0,0.3325625,0.3325625
9,betweeness centralization,31.65%,24.17%,37.83%,32.93%,0.010097958,0.015132359,0.011284842,0.029467673,0.3165,0.3783125,0.3165
12,spectral radius,27.96%,29.04%,35.48%,30.54%,0.009396642,0.015635496,0.009135268,0.06078407,0,0.35475,0.279625
4,diam,24.29%,23.88%,24.09%,24.41%,0.007142796,0.005984681,0.005001953,0.007867059,0,0.244125,0.2429375
101,"GCC, SCC, spectral radius",92.83%,56.57%,72.43%,88.08%,0.006862489,0.024504145,0.012104525,0.056767102,0.92825,0.92825,0
91,"GCC, SCC, APL",92.51%,54.31%,66.09%,62.39%,0.006431429,0.02649801,0.026918932,0.159768155,0.9250625,0.9250625,0
94,"GCC, SCC, den",92.48%,56.74%,72.44%,76.31%,0.005850013,0.03043365,0.015370426,0.130918764,0.9248125,0.9248125,0
111,"GCC, APL, spectral radius",92.03%,55.18%,70.59%,80.60%,0.007579011,0.016067363,0.015386175,0.047999186,0.9203125,0.9203125,0
100,"GCC, SCC, effective graph resistence",91.91%,57.42%,75.67%,73.54%,0.007701461,0.017746148,0.012987524,0.033873674,0.919125,0.919125,0
135,"GCC, den, spectral radius",91.73%,54.14%,91.24%,82.15%,0.00577711,0.019819104,0.006310953,0.049435248,0.91725,0.91725,0
156,"GCC, effective graph resistence, spectral radius",91.71%,55.69%,91.16%,77.78%,0.006257496,0.030768795,0.004166458,0.016831541,0,0.917125,0
141,"GCC, edge connectivity, spectral radius",90.94%,63.91%,82.34%,81.99%,0.007126096,0.014020632,0.008892588,0.01321827,0.909375,0.909375,0
134,"GCC, den, effective graph resistence",90.50%,56.41%,85.58%,75.48%,0.004069705,0.023807906,0.006919176,0.021139511,0.905,0.905,0
120,"GCC, r, spectral radius",90.36%,72.64%,79.86%,81.91%,0.005632287,0.014689628,0.009176226,0.011250694,0.9035625,0.9035625,0
155,"GCC, eigenvector centralization, spectral radius",90.29%,59.22%,76.33%,81.31%,0.0044375,0.020534365,0.010625184,0.04908256,0.9029375,0.9029375,0
110,"GCC, APL, effective graph resistence",89.98%,56.09%,74.64%,75.94%,0.006650012,0.023649789,0.008441203,0.015016787,0.8998125,0.8998125,0
146,"GCC, degree centralization, spectral radius",89.98%,61.88%,75.54%,75.88%,0.007170088,0.009495065,0.01074273,0.018128125,0.8998125,0.8998125,0
128,"GCC, diam, spectral radius",89.68%,54.80%,69.39%,84.07%,0.003370947,0.021652078,0.005803084,0.052285873,0.8968125,0.8968125,0
150,"GCC, closeness centralization, spectral radius",89.36%,62.43%,75.13%,71.64%,0.006907876,0.010649971,0.010547512,0.050606517,0.893625,0.893625,0
153,"GCC, betweeness centralization, spectral radius",88.63%,55.04%,67.87%,78.40%,0.007115125,0.016519874,0.02866625,0.047800203,0.88625,0.88625,0
92,"GCC, SCC, r",88.49%,71.48%,79.53%,81.33%,0.004565496,0.009491155,0.004620352,0.008038239,0.884875,0.884875,0
105,"GCC, APL, edge connectivity",87.42%,63.45%,75.33%,75.87%,0.007115399,0.015639493,0.005843332,0.006308786,0,0.8741875,0
109,"GCC, APL, eigenvector centralization",86.85%,57.68%,75.01%,69.40%,0.006691879,0.022443418,0.006333505,0.154990221,0,0.8685,0
102,"GCC, APL, r",86.79%,72.08%,78.66%,80.88%,0.00636795,0.013121428,0.015029268,0.004117417,0,0.8679375,0
133,"GCC, den, eigenvector centralization",86.76%,56.83%,76.40%,80.66%,0.007258885,0.022317051,0.011545427,0.035048237,0.8675625,0.8675625,0
113,"GCC, r, den",86.60%,71.79%,78.92%,79.89%,0.004585984,0.015769829,0.010650888,0.016879166,0.866,0.866,0
129,"GCC, den, edge connectivity",86.54%,62.73%,81.33%,81.46%,0.010232454,0.015116862,0.009474678,0.013506943,0,0.865375,0
95,"GCC, SCC, edge connectivity",86.19%,65.18%,75.43%,76.29%,0.0051875,0.010707219,0.005360445,0.01454304,0.8619375,0.8619375,0
97,"GCC, SCC, closeness centralization",86.12%,62.63%,72.11%,73.85%,0.007386908,0.019918682,0.009361657,0.014015059,0.8611875,0.8611875,0
107,"GCC, APL, closeness centralization",86.02%,62.24%,71.58%,72.17%,0.007836463,0.022094965,0.008991315,0.017361168,0.8601875,0.8601875,0
130,"GCC, den, degree centralization",85.99%,63.15%,76.02%,70.51%,0.008238629,0.01197393,0.008023647,0.16036639,0,0.859875,0
131,"GCC, den, closeness centralization",85.85%,61.51%,75.89%,68.57%,0.006411659,0.015883979,0.009645271,0.091557615,0.8585,0.8585,0
99,"GCC, SCC, eigenvector centralization",85.79%,61.96%,74.91%,73.61%,0.00831062,0.01582423,0.011636587,0.023634671,0.8579375,0.8579375,0
149,"GCC, closeness centralization, effective graph resistence",85.67%,62.79%,77.09%,74.75%,0.00692623,0.012109687,0.00719809,0.021020823,0.8566875,0.8566875,0
98,"GCC, SCC, betweeness centralization",85.61%,58.96%,65.24%,70.97%,0.004227884,0.049260191,0.009521563,0.023919216,0.856125,0.856125,0
106,"GCC, APL, degree centralization",85.47%,61.84%,72.44%,68.01%,0.010933928,0.018629194,0.010832532,0.176705849,0,0.8546875,0
96,"GCC, SCC, degree centralization",85.36%,61.88%,72.77%,73.64%,0.007765106,0.010179828,0.010307954,0.013447816,0.853625,0.853625,0
119,"GCC, r, effective graph resistence",85.29%,72.43%,79.64%,80.21%,0.007886153,0.016999081,0.00926519,0.013707463,0.8529375,0.8529375,0
93,"GCC, SCC, diam",85.21%,56.73%,64.30%,70.74%,0.007,0.055436619,0.014490838,0.028267417,0.852125,0.852125,0
145,"GCC, degree centralization, effective graph resistence",84.91%,62.44%,77.62%,75.50%,0.007230577,0.010070067,0.010970308,0.02384848,0.849125,0.849125,0
132,"GCC, den, betweeness centralization",84.41%,55.81%,67.85%,75.46%,0.009965566,0.023150324,0.019978895,0.044617471,0.844125,0.844125,0
108,"GCC, APL, betweeness centralization",84.39%,52.26%,62.67%,63.05%,0.004108395,0.011158657,0.024395904,0.129898037,0.8439375,0.8439375,0
154,"GCC, eigenvector centralization, effective graph resistence",84.01%,57.95%,77.42%,74.98%,0.011411343,0.011127107,0.006801022,0.024464659,0,0.840125,0
140,"GCC, edge connectivity, effective graph resistence",83.83%,63.29%,81.28%,80.54%,0.0056875,0.014348345,0.007149082,0.020415699,0.8383125,0.8383125,0
152,"GCC, betweeness centralization, effective graph resistence",82.94%,54.59%,73.33%,78.59%,0.009455694,0.021244852,0.012032021,0.017406446,0.8294375,0.8294375,0
116,"GCC, r, closeness centralization",81.98%,74.37%,80.58%,75.41%,0.005942761,0.009533862,0.005955893,0.020246913,0.8198125,0.8198125,0
121,"GCC, diam, den",81.61%,50.15%,63.33%,68.48%,0.006225264,0.037481454,0.028624795,0.194818465,0.8160625,0.8160625,0
103,"GCC, APL, diam",81.60%,49.81%,59.53%,60.63%,0.007701461,0.027113765,0.018080225,0.131320814,0.816,0.816,0
127,"GCC, diam, effective graph resistence",81.34%,55.41%,74.45%,79.68%,0.009220604,0.018719141,0.009252533,0.015535871,0.8134375,0.8134375,0
104,"GCC, APL, den",81.10%,52.49%,65.50%,71.92%,0.007527035,0.018413226,0.026251488,0.158718513,0.811,0.811,0
118,"GCC, r, eigenvector centralization",81.01%,72.88%,79.77%,80.95%,0.009785991,0.010916766,0.008683002,0.008051591,0,0.810125,0
115,"GCC, r, degree centralization",80.81%,74.43%,80.19%,79.31%,0.005038911,0.009766012,0.005303301,0.014979152,0.808125,0.808125,0
142,"GCC, degree centralization, closeness centralization",80.71%,62.56%,72.95%,73.18%,0.012209755,0.009939072,0.007899763,0.0115576,0,0.807125,0
114,"GCC, r, edge connectivity",80.70%,73.89%,80.61%,78.63%,0.008453919,0.011702864,0.004355313,0.021667678,0,0.807,0
117,"GCC, r, betweeness centralization",80.63%,72.28%,78.78%,79.72%,0.00731784,0.010994494,0.010266755,0.013702332,0.8063125,0.8063125,0
148,"GCC, closeness centralization, eigenvector centralization",80.59%,63.51%,73.46%,74.06%,0.008945364,0.012669014,0.012203355,0.034193841,0.8059375,0.8059375,0
112,"GCC, r, diam",78.88%,72.21%,78.71%,79.27%,0.003253003,0.00943336,0.008004149,0.013902703,0.7888125,0.7926875,0
137,"GCC, edge connectivity, closeness centralization",78.58%,66.84%,76.64%,74.96%,0.010843525,0.018610313,0.012103234,0.025123445,0.7858125,0.7858125,0
144,"GCC, degree centralization, eigenvector centralization",78.43%,63.48%,73.97%,74.81%,0.009701804,0.009438121,0.011895541,0.013187352,0,0.78425,0
147,"GCC, closeness centralization, betweeness centralization",77.24%,60.95%,71.70%,73.51%,0.007564566,0.018212719,0.007674023,0.019412866,0.7724375,0.7724375,0
124,"GCC, diam, closeness centralization",77.13%,62.05%,71.22%,70.66%,0.007738146,0.016407411,0.009040923,0.051657866,0.7713125,0.7713125,0
136,"GCC, edge connectivity, degree centralization",76.55%,68.13%,76.84%,71.94%,0.007415145,0.013638755,0.007454288,0.045317457,0.7655,0.7684375,0
151,"GCC, betweeness centralization, eigenvector centralization",76.51%,57.42%,74.24%,72.84%,0.008189408,0.023182024,0.006025985,0.02572268,0,0.7650625,0
139,"GCC, edge connectivity, eigenvector centralization",76.42%,64.47%,76.42%,64.29%,0.00964122,0.013619408,0.012310438,0.197109989,0.76425,0.76425,0
143,"GCC, degree centralization, betweeness centralization",76.34%,62.51%,71.20%,72.23%,0.007970894,0.017310244,0.007805247,0.024769326,0,0.7634375,0
138,"GCC, edge connectivity, betweeness centralization",75.67%,63.82%,75.31%,74.14%,0.006919176,0.014021329,0.008691771,0.014571483,0.75675,0.75675,0
122,"GCC, diam, edge connectivity",73.52%,62.99%,74.90%,75.53%,0.010480823,0.012027962,0.009751602,0.007872271,0,0.7553125,0
126,"GCC, diam, eigenvector centralization",74.66%,56.58%,75.29%,73.85%,0.007872023,0.009146379,0.010782654,0.021424285,0.746625,0.752875,0
175,"SCC, r, spectral radius",74.78%,59.81%,64.89%,68.41%,0.010346346,0.018846522,0.009090689,0.008625226,0,0.74775,0
123,"GCC, diam, degree centralization",74.43%,62.12%,71.61%,73.78%,0.00815116,0.015913462,0.010595732,0.018021688,0.7443125,0.7443125,0
211,"SCC, effective graph resistence, spectral radius",74.27%,44.71%,48.04%,50.78%,0.009062284,0.025478315,0.013854856,0.026032207,0.74275,0.74275,0
171,"SCC, r, closeness centralization",74.26%,62.23%,67.96%,63.34%,0.008824681,0.012815396,0.013328922,0.02268199,0.742625,0.742625,0
157,"SCC, APL, r",73.66%,58.72%,70.48%,72.09%,0.007385586,0.028132291,0.009454662,0.008602552,0.736625,0.736625,0
169,"SCC, r, edge connectivity",73.59%,65.21%,70.21%,68.33%,0.009965762,0.014829895,0.012409201,0.013255453,0.7359375,0.7359375,0
170,"SCC, r, degree centralization",73.54%,63.12%,68.59%,64.81%,0.00481047,0.014384372,0.008683902,0.010508367,0.735375,0.735375,0
168,"SCC, r, den",73.44%,62.34%,65.43%,69.44%,0.015572412,0.017816776,0.007884914,0.03050032,0,0.734375,0
174,"SCC, r, effective graph resistence",73.06%,62.18%,66.33%,63.74%,0.008146366,0.016128876,0.010311742,0.011665253,0.7305625,0.7305625,0
190,"SCC, den, spectral radius",72.99%,37.46%,44.64%,49.61%,0.009256754,0.021429481,0.013260609,0.084516571,0.729875,0.729875,0
166,"SCC, APL, spectral radius",72.64%,36.68%,37.98%,48.10%,0.012190064,0.011294357,0.024290237,0.138734571,0,0.7264375,0
173,"SCC, r, eigenvector centralization",72.51%,63.19%,71.75%,57.18%,0.007702729,0.021931089,0.009949089,0.144686299,0.7250625,0.7250625,0
165,"SCC, APL, effective graph resistence",71.70%,39.14%,45.69%,47.86%,0.009469523,0.021760055,0.009615458,0.041046896,0.717,0.717,0
172,"SCC, r, betweeness centralization",71.69%,58.66%,70.70%,70.37%,0.00915769,0.031852014,0.011745345,0.017192499,0.7169375,0.7169375,0
279,"r, degree centralization, betweeness centralization",71.20%,60.37%,66.38%,65.58%,0.010464971,0.011610374,0.008583232,0.009378333,0,0.712,0
189,"SCC, den, effective graph resistence",70.91%,40.61%,47.51%,47.23%,0.009376042,0.027149471,0.018377126,0.017803287,0.7090625,0.7090625,0
125,"GCC, diam, betweeness centralization",70.74%,53.14%,62.86%,68.04%,0.011308183,0.018118641,0.018481515,0.012346084,0.707375,0.707375,0
167,"SCC, r, diam",69.42%,59.09%,70.37%,70.16%,0.009577195,0.020597045,0.011447741,0.006927357,0,0.7036875,0
220,"APL, r, spectral radius",70.36%,55.89%,59.64%,60.68%,0.00828237,0.018762079,0.009440604,0.011263187,0.7035625,0.7035625,0
283,"r, closeness centralization, betweeness centralization",70.25%,61.86%,66.16%,65.23%,0.007261844,0.012753829,0.007433297,0.008869937,0.7025,0.7025,0
273,"r, edge connectivity, closeness centralization",64.81%,67.18%,70.21%,68.63%,0.009330938,0.009,0.012103234,0.004293891,0,0.7020625,0
272,"r, edge connectivity, degree centralization",65.54%,66.23%,70.20%,68.76%,0.009783596,0.007994383,0.009999219,0.006739865,0,0.702,0
275,"r, edge connectivity, eigenvector centralization",66.12%,64.84%,69.96%,65.13%,0.008684802,0.0099538,0.010353894,0.133780502,0.6611875,0.699625,0
271,"r, den, spectral radius",69.81%,58.00%,63.61%,53.86%,0.005611094,0.017586838,0.007770135,0.009506577,0.698125,0.698125,0
287,"r, betweeness centralization, eigenvector centralization",69.61%,59.66%,66.84%,62.19%,0.009551669,0.02167633,0.006442353,0.107192511,0,0.696125,0
274,"r, edge connectivity, betweeness centralization",67.47%,64.48%,69.30%,68.73%,0.010944641,0.005611442,0.009150649,0.006490377,0,0.693,0
277,"r, edge connectivity, spectral radius",64.68%,64.38%,69.11%,68.76%,0.007231928,0.01063033,0.011075205,0.007648529,0.6468125,0.6910625,0
214,"APL, r, edge connectivity",64.26%,65.04%,69.08%,68.52%,0.012259563,0.011642628,0.010124421,0.012241228,0,0.6908125,0
205,"SCC, closeness centralization, spectral radius",68.94%,48.98%,52.34%,49.41%,0.010229591,0.013142994,0.007348735,0.012535107,0,0.6894375,0
276,"r, edge connectivity, effective graph resistence",63.96%,63.92%,68.93%,68.58%,0.008086689,0.010000195,0.012816158,0.011221492,0.6395625,0.6893125,0
201,"SCC, degree centralization, spectral radius",68.89%,47.66%,51.86%,48.48%,0.008128845,0.009384162,0.010943034,0.027647403,0.688875,0.688875,0
258,"r, diam, edge connectivity",61.59%,64.24%,68.65%,68.48%,0.007857123,0.014001813,0.012772651,0.011885522,0.615875,0.6865,0
265,"r, den, edge connectivity",64.13%,64.01%,68.52%,68.50%,0.005069825,0.011242359,0.010691154,0.007043392,0.64125,0.6851875,0
199,"SCC, degree centralization, eigenvector centralization",67.94%,48.59%,60.13%,48.97%,0.014031215,0.017717951,0.009389364,0.027423544,0,0.679375,0
292,"r, effective graph resistence, spectral radius",67.92%,59.76%,64.43%,63.24%,0.008360996,0.016607721,0.010030422,0.013628583,0.67925,0.67925,0
204,"SCC, closeness centralization, effective graph resistence",67.86%,47.61%,52.46%,49.04%,0.013116217,0.018843102,0.011333199,0.019188721,0,0.6785625,0
203,"SCC, closeness centralization, eigenvector centralization",67.69%,49.10%,58.28%,49.18%,0.008904879,0.015083621,0.012340229,0.026392175,0.676875,0.676875,0
200,"SCC, degree centralization, effective graph resistence",67.58%,46.99%,53.04%,49.07%,0.009612817,0.014818696,0.014545322,0.018935437,0.67575,0.67575,0
162,"SCC, APL, closeness centralization",67.58%,45.47%,56.53%,47.09%,0.00842615,0.017114618,0.007343418,0.023976225,0,0.67575,0
210,"SCC, eigenvector centralization, spectral radius",67.28%,45.12%,50.51%,49.26%,0.010496465,0.023127449,0.014063056,0.029943697,0.6728125,0.6728125,0
186,"SCC, den, closeness centralization",67.27%,46.23%,51.69%,44.99%,0.013641761,0.016189913,0.016450684,0.016904604,0.6726875,0.6726875,0
196,"SCC, edge connectivity, spectral radius",67.22%,44.69%,50.31%,44.96%,0.005471874,0.014866594,0.012193108,0.011298679,0.6721875,0.6721875,0
290,"r, eigenvector centralization, effective graph resistence",62.91%,59.06%,67.15%,66.93%,0.008852966,0.022287977,0.010768153,0.009059051,0.629125,0.6715,0
208,"SCC, betweeness centralization, spectral radius",67.11%,35.87%,37.03%,51.71%,0.009694755,0.009138688,0.017801422,0.148576369,0,0.6710625,0
160,"SCC, APL, edge connectivity",66.96%,38.22%,45.59%,42.98%,0.011142016,0.022841591,0.008997395,0.011159532,0,0.6695625,0
269,"r, den, eigenvector centralization",62.84%,59.94%,66.77%,65.45%,0.010948209,0.026387216,0.00775126,0.010598496,0,0.6676875,0
185,"SCC, den, degree centralization",66.55%,45.45%,51.44%,44.56%,0.010431323,0.013010813,0.0162799,0.060809288,0.6655,0.6655,0
282,"r, degree centralization, spectral radius",66.53%,61.52%,65.43%,65.42%,0.014313046,0.010108977,0.009235631,0.009573115,0,0.6653125,0
281,"r, degree centralization, effective graph resistence",63.49%,61.39%,66.51%,65.61%,0.010418771,0.015572537,0.010256286,0.010296579,0,0.6650625,0
285,"r, closeness centralization, effective graph resistence",64.36%,62.13%,66.47%,65.14%,0.008418033,0.0177888,0.012058613,0.010258571,0.6435625,0.6646875,0
262,"r, diam, eigenvector centralization",61.43%,59.40%,66.44%,65.81%,0.011394215,0.026786482,0.010859364,0.010988097,0,0.6644375,0
218,"APL, r, eigenvector centralization",63.96%,59.23%,66.31%,62.55%,0.009823441,0.024062419,0.006743052,0.093310553,0,0.663125,0
259,"r, diam, degree centralization",60.53%,61.83%,66.27%,64.58%,0.009843304,0.014317275,0.008130047,0.008532108,0,0.6626875,0
286,"r, closeness centralization, spectral radius",65.36%,61.27%,66.14%,64.93%,0.006975403,0.014655417,0.004248621,0.006461726,0,0.6614375,0
266,"r, den, degree centralization",62.84%,60.51%,66.11%,65.30%,0.01061102,0.006164731,0.015776887,0.010624265,0,0.6610625,0
216,"APL, r, closeness centralization",63.85%,61.74%,66.09%,65.34%,0.016578883,0.012088379,0.015725303,0.013587822,0,0.6609375,0
280,"r, degree centralization, eigenvector centralization",63.61%,61.04%,65.95%,65.73%,0.011776068,0.007965747,0.00688522,0.007490619,0,0.6595,0
267,"r, den, closeness centralization",63.89%,62.23%,65.94%,64.70%,0.009341816,0.013526739,0.01277204,0.014311818,0.6389375,0.659375,0
260,"r, diam, closeness centralization",61.21%,61.61%,65.89%,65.10%,0.01064777,0.012626856,0.011166531,0.011125,0.612125,0.6589375,0
278,"r, degree centralization, closeness centralization",63.31%,62.14%,65.77%,64.12%,0.013096547,0.012398967,0.007347672,0.012423044,0,0.6576875,0
161,"SCC, APL, degree centralization",65.73%,45.59%,57.55%,47.03%,0.009001085,0.01718284,0.012411562,0.01889372,0.6573125,0.6573125,0
215,"APL, r, degree centralization",62.29%,61.77%,65.68%,65.28%,0.014609634,0.0086875,0.009021675,0.007650827,0,0.65675,0
284,"r, closeness centralization, eigenvector centralization",63.51%,61.65%,65.66%,65.00%,0.008260647,0.013852459,0.012781823,0.015137392,0.6350625,0.656625,0
164,"SCC, APL, eigenvector centralization",65.66%,36.03%,60.41%,47.56%,0.011288822,0.025473945,0.010980096,0.088096183,0,0.656625,0
184,"SCC, den, edge connectivity",65.64%,39.08%,44.31%,43.15%,0.007850159,0.012747702,0.012930101,0.012668243,0.656375,0.656375,0
163,"SCC, APL, betweeness centralization",65.51%,26.11%,54.04%,51.81%,0.009696367,0.034039327,0.010666097,0.096278811,0.6550625,0.6550625,0
183,"SCC, diam, spectral radius",65.47%,36.26%,39.11%,61.28%,0.008543318,0.013427467,0.014655017,0.050188084,0.6546875,0.6546875,0
291,"r, eigenvector centralization, spectral radius",63.65%,60.67%,65.47%,63.66%,0.007038954,0.021701184,0.007300738,0.010028086,0.6365,0.6546875,0
188,"SCC, den, eigenvector centralization",64.94%,38.93%,48.15%,50.84%,0.010683662,0.019236298,0.008004881,0.035004687,0,0.649375,0
207,"SCC, betweeness centralization, effective graph resistence",64.78%,39.44%,46.36%,49.08%,0.012311707,0.013684503,0.018051684,0.085774527,0.64775,0.64775,0
270,"r, den, effective graph resistence",64.69%,60.64%,64.67%,59.54%,0.012867868,0.021592913,0.013317194,0.128921624,0.6469375,0.6469375,0
198,"SCC, degree centralization, betweeness centralization",64.66%,44.64%,57.36%,46.52%,0.010012687,0.018249679,0.015591965,0.017482245,0.6465625,0.6465625,0
191,"SCC, edge connectivity, degree centralization",64.42%,49.06%,57.27%,50.32%,0.014877232,0.014966108,0.009686694,0.011430667,0,0.6441875,0
195,"SCC, edge connectivity, effective graph resistence",64.41%,45.05%,50.17%,43.09%,0.009487862,0.022011716,0.009810908,0.066725446,0.6440625,0.6440625,0
219,"APL, r, effective graph resistence",64.38%,59.25%,63.73%,61.39%,0.009760611,0.017266297,0.011832325,0.01050688,0.6438125,0.6438125,0
192,"SCC, edge connectivity, closeness centralization",64.37%,49.69%,56.41%,51.21%,0.00671984,0.008754463,0.015479826,0.015294122,0.64375,0.64375,0
197,"SCC, degree centralization, closeness centralization",64.37%,46.50%,53.81%,46.62%,0.007631401,0.013056368,0.013545208,0.007773402,0.6436875,0.6436875,0
202,"SCC, closeness centralization, betweeness centralization",64.23%,46.29%,55.68%,45.56%,0.015917389,0.017077946,0.012056022,0.013157697,0,0.6423125,0
209,"SCC, eigenvector centralization, effective graph resistence",64.21%,43.96%,51.14%,46.79%,0.01042102,0.032111926,0.012673946,0.027661528,0.6420625,0.6420625,0
288,"r, betweeness centralization, effective graph resistence",63.99%,61.42%,64.08%,62.63%,0.008743078,0.014763897,0.009005424,0.016399433,0.6399375,0.6408125,0
187,"SCC, den, betweeness centralization",64.06%,30.26%,35.56%,51.21%,0.015127066,0.040577328,0.010729086,0.084265693,0,0.640625,0
263,"r, diam, effective graph resistence",59.05%,59.03%,63.91%,56.39%,0.012076579,0.024154855,0.00776737,0.148406391,0,0.6390625,0
217,"APL, r, betweeness centralization",63.00%,53.79%,62.04%,55.38%,0.010771055,0.010720344,0.011082256,0.020894078,0,0.63,0
361,"degree centralization, betweeness centralization, eigenvector centralization",62.91%,46.72%,54.43%,45.94%,0.009930225,0.015449641,0.014970805,0.014541025,0.629125,0.629125,0
268,"r, den, betweeness centralization",62.88%,57.53%,62.76%,54.69%,0.0061301,0.011836286,0.009033142,0.017028125,0.62875,0.62875,0
181,"SCC, diam, eigenvector centralization",60.08%,41.11%,62.75%,44.90%,0.00428524,0.033650374,0.00709313,0.10424288,0.6008125,0.6275,0
182,"SCC, diam, effective graph resistence",62.74%,40.15%,46.44%,55.84%,0.009966546,0.021789476,0.01287864,0.053372402,0.6274375,0.6274375,0
367,"closeness centralization, betweeness centralization, eigenvector centralization",62.58%,47.06%,53.70%,48.39%,0.012086278,0.01506237,0.011483004,0.034496433,0,0.62575,0
261,"r, diam, betweeness centralization",59.73%,55.21%,62.26%,62.46%,0.006938345,0.018337227,0.011431863,0.010297148,0.59725,0.624625,0
289,"r, betweeness centralization, spectral radius",62.44%,56.10%,62.29%,57.41%,0.008006101,0.008826452,0.00884789,0.114751838,0.6244375,0.6244375,0
206,"SCC, betweeness centralization, eigenvector centralization",62.43%,35.08%,61.88%,49.38%,0.009725932,0.015413696,0.009658222,0.042616064,0,0.62425,0
179,"SCC, diam, closeness centralization",62.18%,46.06%,55.56%,46.40%,0.010900115,0.015907447,0.012507654,0.018988483,0.62175,0.62175,0
176,"SCC, diam, den",62.15%,31.82%,40.93%,54.71%,0.013419901,0.02220721,0.019165093,0.051494121,0.6215,0.6215,0
212,"APL, r, diam",58.57%,52.53%,61.69%,51.93%,0.007626281,0.017958829,0.012364895,0.057936388,0.5856875,0.616875,0
158,"SCC, APL, diam",61.48%,29.11%,58.61%,54.49%,0.007831477,0.023456742,0.010928746,0.009629058,0.6148125,0.6148125,0
178,"SCC, diam, degree centralization",60.78%,45.33%,56.98%,45.86%,0.007375265,0.014729461,0.009121789,0.018764161,0.6078125,0.6078125,0
264,"r, diam, spectral radius",58.84%,55.14%,60.78%,59.49%,0.008363098,0.018172459,0.009791777,0.01470398,0.5884375,0.6078125,0
159,"SCC, APL, den",60.68%,30.29%,36.28%,57.53%,0.006967839,0.029441481,0.019097304,0.014676858,0.6068125,0.6068125,0
256,"APL, effective graph resistence, spectral radius",60.10%,33.91%,44.23%,51.78%,0.010406578,0.027629242,0.015441548,0.118419029,0.601,0.601,0
365,"degree centralization, eigenvector centralization, spectral radius",59.75%,48.22%,53.04%,45.20%,0.013572721,0.010395499,0.010662434,0.075699756,0,0.5975,0
177,"SCC, diam, edge connectivity",59.58%,40.99%,52.41%,39.67%,0.006109675,0.018518994,0.005356071,0.071168292,0,0.59575,0
194,"SCC, edge connectivity, eigenvector centralization",59.53%,39.14%,52.95%,47.51%,0.008971308,0.015719837,0.013456527,0.031414318,0.59525,0.59525,0
341,"den, effective graph resistence, spectral radius",59.51%,35.88%,57.42%,55.65%,0.012391561,0.008707262,0.014167111,0.046212147,0,0.5950625,0
193,"SCC, edge connectivity, betweeness centralization",59.38%,38.91%,44.94%,42.94%,0.009802742,0.022430796,0.0170625,0.010439558,0.59375,0.59375,0
257,"r, diam, den",58.58%,54.83%,59.38%,53.96%,0.014771832,0.012974735,0.009976535,0.02092621,0,0.59375,0
335,"den, closeness centralization, spectral radius",58.96%,46.94%,50.30%,50.59%,0.012164401,0.015432438,0.011972625,0.018698262,0,0.5895625,0
371,"closeness centralization, eigenvector centralization, spectral radius",58.94%,48.76%,51.99%,51.91%,0.009866294,0.011818286,0.009721915,0.014690026,0,0.589375,0
338,"den, betweeness centralization, spectral radius",58.93%,33.11%,38.49%,41.90%,0.009007159,0.02123906,0.014324504,0.149239269,0.5893125,0.5893125,0
250,"APL, closeness centralization, spectral radius",58.63%,46.18%,49.27%,45.69%,0.013338882,0.014951615,0.010584666,0.013193275,0,0.5863125,0
253,"APL, betweeness centralization, spectral radius",58.61%,31.20%,35.08%,37.95%,0.01617543,0.010314583,0.009014095,0.011397642,0,0.5860625,0
180,"SCC, diam, betweeness centralization",58.03%,30.66%,58.51%,54.42%,0.006680487,0.030965202,0.01089653,0.008830213,0.5803125,0.585125,0
344,"edge connectivity, degree centralization, eigenvector centralization",57.88%,50.01%,57.04%,50.75%,0.013225803,0.010920344,0.010728176,0.010900831,0,0.57875,0
366,"degree centralization, effective graph resistence, spectral radius",57.79%,47.44%,52.35%,49.04%,0.012074152,0.008333854,0.012119844,0.014383693,0,0.5779375,0
331,"den, degree centralization, spectral radius",57.71%,46.04%,50.77%,49.16%,0.012292655,0.016609132,0.010144272,0.01414545,0,0.577125,0
356,"edge connectivity, effective graph resistence, spectral radius",55.53%,47.85%,51.86%,57.61%,0.00887522,0.016432152,0.009274671,0.011665253,0.5553125,0.576125,0
246,"APL, degree centralization, spectral radius",57.58%,45.73%,49.69%,46.26%,0.006341825,0.010610468,0.006299802,0.010945354,0,0.57575,0
375,"betweeness centralization, effective graph resistence, spectral radius",57.40%,35.79%,44.38%,51.47%,0.010883617,0.026657624,0.020058508,0.131957098,0.574,0.574,0
348,"edge connectivity, closeness centralization, eigenvector centralization",56.84%,49.78%,57.32%,51.76%,0.012071402,0.01320881,0.005971613,0.013277242,0,0.5731875,0
228,"APL, diam, spectral radius",57.29%,30.34%,35.00%,37.04%,0.011934227,0.010640614,0.008196798,0.075124402,0,0.5729375,0
255,"APL, eigenvector centralization, spectral radius",57.29%,38.10%,47.14%,45.61%,0.012662074,0.016611837,0.014418548,0.097894554,0.572875,0.572875,0
299,"diam, den, spectral radius",57.24%,34.58%,39.64%,48.49%,0.008668369,0.019354425,0.01974456,0.128020521,0.572375,0.572375,0
213,"APL, r, den",57.21%,51.54%,54.81%,53.70%,0.010066963,0.018343617,0.013589978,0.013980455,0.572125,0.572125,0
340,"den, eigenvector centralization, spectral radius",57.13%,37.96%,50.52%,52.03%,0.009997851,0.021255882,0.009358527,0.016738335,0,0.5713125,0
369,"closeness centralization, betweeness centralization, spectral radius",57.03%,46.36%,49.44%,47.09%,0.011261279,0.012330254,0.013536554,0.010862061,0,0.5703125,0
370,"closeness centralization, eigenvector centralization, effective graph resistence",56.90%,48.24%,52.37%,51.56%,0.007385586,0.014749073,0.009651951,0.01311443,0.569,0.569,0
235,"APL, den, spectral radius",56.87%,34.45%,37.46%,52.69%,0.010362379,0.022153231,0.022827564,0.105190304,0.5686875,0.5686875,0
358,"degree centralization, closeness centralization, eigenvector centralization",56.81%,46.82%,53.14%,49.23%,0.009664085,0.014901893,0.010625184,0.028775872,0.5680625,0.5680625,0
248,"APL, closeness centralization, eigenvector centralization",56.72%,47.04%,53.94%,48.50%,0.011399013,0.016524603,0.00720487,0.024650685,0,0.56725,0
372,"closeness centralization, effective graph resistence, spectral radius",56.71%,48.12%,51.88%,49.49%,0.014793368,0.010758173,0.012088379,0.020783106,0,0.567125,0
241,"APL, edge connectivity, spectral radius",56.56%,43.79%,47.09%,44.96%,0.012661457,0.01251265,0.017077946,0.014534576,0,0.565625,0
360,"degree centralization, closeness centralization, spectral radius",56.47%,46.61%,49.25%,47.29%,0.010684576,0.01664848,0.005929271,0.01215155,0,0.5646875,0
363,"degree centralization, betweeness centralization, spectral radius",56.29%,46.19%,48.81%,44.00%,0.015996093,0.012020328,0.012994741,0.064900766,0,0.562875,0
333,"den, closeness centralization, eigenvector centralization",56.28%,47.44%,52.10%,49.92%,0.01166994,0.014074162,0.013498264,0.017263582,0.56275,0.56275,0
326,"den, edge connectivity, spectral radius",56.19%,43.13%,50.43%,52.03%,0.015423703,0.015794085,0.011533917,0.019534025,0,0.561875,0
364,"degree centralization, eigenvector centralization, effective graph resistence",56.06%,48.23%,52.84%,43.54%,0.011953687,0.010933213,0.01131647,0.096299926,0,0.560625,0
374,"betweeness centralization, eigenvector centralization, spectral radius",55.88%,39.97%,48.60%,45.01%,0.014007392,0.017939242,0.009092408,0.102856013,0,0.5588125,0
373,"betweeness centralization, eigenvector centralization, effective graph resistence",55.81%,36.76%,48.41%,49.02%,0.008368701,0.021720526,0.01535835,0.01453995,0.5580625,0.5580625,0
376,"eigenvector centralization, effective graph resistence, spectral radius",55.63%,41.23%,51.29%,51.10%,0.007738146,0.019145924,0.009775008,0.077469349,0.5563125,0.5563125,0
251,"APL, betweeness centralization, eigenvector centralization",55.62%,29.42%,52.87%,45.17%,0.00791779,0.016912112,0.016391213,0.070278492,0.5561875,0.5561875,0
314,"diam, closeness centralization, spectral radius",55.59%,46.02%,48.74%,46.04%,0.009977514,0.015289013,0.012401014,0.018666585,0.5559375,0.5559375,0
368,"closeness centralization, betweeness centralization, effective graph resistence",55.36%,44.01%,48.64%,47.99%,0.013322326,0.010963184,0.013428194,0.01436902,0,0.553625,0
320,"diam, effective graph resistence, spectral radius",55.19%,37.34%,44.61%,50.09%,0.009341607,0.012064929,0.012685499,0.13000637,0.551875,0.551875,0
351,"edge connectivity, betweeness centralization, eigenvector centralization",54.91%,39.58%,48.84%,48.51%,0.008515611,0.01171204,0.009148301,0.007893084,0,0.549125,0
336,"den, betweeness centralization, eigenvector centralization",54.88%,33.98%,44.04%,43.32%,0.009492802,0.029290037,0.01266778,0.104302913,0.5488125,0.5488125,0
362,"degree centralization, betweeness centralization, effective graph resistence",54.86%,44.88%,47.47%,42.17%,0.013255453,0.012649111,0.011977192,0.087245075,0,0.5485625,0
312,"diam, closeness centralization, eigenvector centralization",54.66%,46.64%,52.53%,50.91%,0.00958596,0.015392774,0.011233495,0.037733854,0.546625,0.546625,0
310,"diam, degree centralization, spectral radius",54.53%,46.61%,49.10%,45.84%,0.010323668,0.016895358,0.009495887,0.012116621,0,0.54525,0
315,"diam, betweeness centralization, eigenvector centralization",54.49%,35.22%,54.21%,44.55%,0.010734,0.046848534,0.015309438,0.08919904,0.544875,0.544875,0
308,"diam, degree centralization, eigenvector centralization",54.46%,46.97%,54.14%,49.75%,0.011114461,0.013092967,0.008430784,0.026541536,0,0.544625,0
244,"APL, degree centralization, eigenvector centralization",54.39%,46.31%,53.90%,51.74%,0.006374081,0.021544739,0.012475601,0.014645418,0.5439375,0.5439375,0
329,"den, degree centralization, eigenvector centralization",54.37%,46.22%,52.62%,49.94%,0.008127163,0.009779802,0.008317198,0.024627617,0.5436875,0.5436875,0
337,"den, betweeness centralization, effective graph resistence",54.21%,32.31%,44.11%,40.57%,0.016010373,0.024736818,0.01020895,0.15938761,0,0.5420625,0
347,"edge connectivity, closeness centralization, betweeness centralization",54.15%,47.74%,52.02%,50.74%,0.01058522,0.007540516,0.012866654,0.01089653,0,0.5415,0
350,"edge connectivity, closeness centralization, spectral radius",53.48%,49.81%,54.13%,51.03%,0.011659391,0.01424246,0.010456196,0.008988925,0,0.5413125,0
252,"APL, betweeness centralization, effective graph resistence",54.11%,32.16%,42.86%,42.81%,0.010985786,0.019752868,0.011635076,0.009293185,0,0.541125,0
346,"edge connectivity, degree centralization, spectral radius",52.79%,49.38%,53.89%,52.05%,0.009135268,0.012913323,0.01029563,0.010204166,0.527875,0.538875,0
249,"APL, closeness centralization, effective graph resistence",53.76%,44.44%,47.81%,47.17%,0.010909607,0.013044395,0.011525956,0.010893841,0,0.5375625,0
343,"edge connectivity, degree centralization, betweeness centralization",53.75%,47.44%,51.38%,50.26%,0.012954246,0.010461985,0.010884515,0.007471038,0,0.5375,0
334,"den, closeness centralization, effective graph resistence",53.64%,44.83%,49.64%,46.35%,0.009626015,0.010653638,0.010353328,0.010148122,0.5364375,0.5364375,0
355,"edge connectivity, eigenvector centralization, spectral radius",51.67%,44.79%,52.28%,53.37%,0.007886153,0.012884857,0.013199935,0.009958704,0.5166875,0.5336875,0
303,"diam, edge connectivity, eigenvector centralization",48.18%,41.59%,53.26%,49.09%,0.011199365,0.025261523,0.016964577,0.016343959,0.4818125,0.532625,0
247,"APL, closeness centralization, betweeness centralization",52.89%,43.10%,45.56%,45.12%,0.009564951,0.013673652,0.014878282,0.012642933,0.5289375,0.5289375,0
357,"degree centralization, closeness centralization, betweeness centralization",52.88%,43.71%,45.68%,45.63%,0.007656951,0.011709538,0.010482314,0.00872765,0.5288125,0.5288125,0
332,"den, closeness centralization, betweeness centralization",52.86%,42.97%,46.06%,45.86%,0.01073127,0.011532055,0.013674366,0.012298533,0.5285625,0.5285625,0
240,"APL, edge connectivity, effective graph resistence",52.41%,41.95%,47.41%,41.96%,0.011288995,0.012211675,0.008240525,0.101154295,0,0.5240625,0
345,"edge connectivity, degree centralization, effective graph resistence",50.15%,47.90%,52.21%,51.42%,0.010724534,0.009237322,0.008852966,0.013500723,0,0.522125,0
243,"APL, degree centralization, betweeness centralization",52.14%,42.52%,45.99%,46.11%,0.009201732,0.007246767,0.009708445,0.010018732,0,0.521375,0
349,"edge connectivity, closeness centralization, effective graph resistence",49.06%,48.21%,52.08%,51.23%,0.01285572,0.012491247,0.00887764,0.014410418,0,0.52075,0
325,"den, edge connectivity, effective graph resistence",52.04%,43.39%,50.29%,51.97%,0.010143694,0.01188092,0.007262113,0.016961008,0,0.5204375,0
254,"APL, eigenvector centralization, effective graph resistence",52.03%,36.18%,48.18%,45.45%,0.012387777,0.016636744,0.007684196,0.109237342,0,0.5203125,0
354,"edge connectivity, eigenvector centralization, effective graph resistence",49.11%,43.14%,52.03%,49.07%,0.012953643,0.013932875,0.008914525,0.081869489,0,0.52025,0
328,"den, degree centralization, betweeness centralization",51.74%,43.37%,45.64%,46.58%,0.012066871,0.008168155,0.012040946,0.014667673,0,0.517375,0
301,"diam, edge connectivity, closeness centralization",45.74%,48.39%,51.73%,51.11%,0.008521343,0.015244876,0.012254463,0.00894449,0.4574375,0.51725,0
321,"den, edge connectivity, degree centralization",47.11%,47.93%,51.63%,51.04%,0.008592557,0.013339907,0.011820434,0.007463714,0,0.5163125,0
339,"den, eigenvector centralization, effective graph resistence",51.32%,38.19%,51.56%,42.77%,0.009533862,0.023209306,0.011706035,0.144692616,0.5131875,0.515625,0
330,"den, degree centralization, effective graph resistence",51.56%,44.13%,49.29%,47.38%,0.011391472,0.015810029,0.008409444,0.0117991,0,0.515625,0
237,"APL, edge connectivity, closeness centralization",47.64%,47.46%,51.39%,51.49%,0.009785991,0.012738966,0.012125,0.009178993,0,0.5149375,0
226,"APL, diam, eigenvector centralization",47.69%,31.95%,51.41%,43.78%,0.013955846,0.037331706,0.010395499,0.123334609,0,0.5140625,0
298,"diam, den, effective graph resistence",50.31%,33.54%,44.71%,51.31%,0.010779937,0.020271979,0.01238762,0.030526628,0.5030625,0.513125,0
245,"APL, degree centralization, effective graph resistence",51.27%,44.29%,47.81%,47.03%,0.00831062,0.010491998,0.009982211,0.018481938,0.5126875,0.5126875,0
300,"diam, edge connectivity, degree centralization",46.44%,47.58%,51.26%,50.79%,0.010407517,0.00917729,0.009347668,0.012219349,0,0.5125625,0
342,"edge connectivity, degree centralization, closeness centralization",47.57%,47.86%,51.17%,51.06%,0.014875656,0.016462078,0.014128456,0.009804535,0,0.5116875,0
236,"APL, edge connectivity, degree centralization",46.63%,47.54%,51.03%,50.69%,0.008539659,0.011408775,0.003238562,0.005303301,0,0.5103125,0
322,"den, edge connectivity, closeness centralization",48.29%,48.30%,50.68%,49.99%,0.009113863,0.013752273,0.009407444,0.006154267,0,0.50675,0
359,"degree centralization, closeness centralization, effective graph resistence",50.67%,45.38%,48.14%,48.04%,0.009329263,0.013837788,0.017746148,0.011752825,0.5066875,0.5066875,0
311,"diam, closeness centralization, betweeness centralization",50.52%,42.89%,45.46%,45.17%,0.0131875,0.00884789,0.009062284,0.008057654,0,0.5051875,0
242,"APL, degree centralization, closeness centralization",50.52%,44.34%,44.88%,45.94%,0.007791472,0.01483029,0.009887848,0.009206825,0.5051875,0.5051875,0
307,"diam, degree centralization, betweeness centralization",50.49%,42.90%,46.26%,46.38%,0.008921533,0.012954849,0.013225213,0.00730475,0,0.504875,0
327,"den, degree centralization, closeness centralization",50.41%,44.06%,46.50%,46.18%,0.009934355,0.010273601,0.010155048,0.015343591,0.5040625,0.5040625,0
239,"APL, edge connectivity, eigenvector centralization",50.35%,37.91%,47.94%,48.29%,0.008004881,0.018067149,0.01087015,0.019778461,0.5035,0.5035,0
295,"diam, den, closeness centralization",50.10%,43.06%,45.83%,45.77%,0.006362733,0.012972326,0.011805057,0.01279053,0.501,0.501,0
302,"diam, edge connectivity, betweeness centralization",47.61%,37.56%,49.92%,39.15%,0.009004339,0.016801809,0.010650888,0.035209418,0.476125,0.4991875,0
324,"den, edge connectivity, eigenvector centralization",49.87%,41.41%,49.27%,48.23%,0.01482568,0.013414078,0.008482749,0.015692479,0,0.4986875,0
234,"APL, den, effective graph resistence",49.86%,31.38%,44.04%,45.55%,0.011782701,0.010879309,0.007072173,0.137889732,0,0.4985625,0
227,"APL, diam, effective graph resistence",49.86%,33.64%,43.43%,39.56%,0.008678503,0.027981649,0.016411338,0.081657368,0.4985625,0.4985625,0
319,"diam, eigenvector centralization, spectral radius",48.31%,39.05%,49.79%,40.71%,0.010692616,0.02461548,0.013425722,0.133728401,0.4830625,0.497875,0
297,"diam, den, eigenvector centralization",47.46%,37.20%,49.62%,47.17%,0.013062949,0.026641134,0.011379292,0.072499353,0,0.4961875,0
224,"APL, diam, closeness centralization",49.49%,43.58%,45.81%,45.58%,0.010279113,0.012972477,0.010602918,0.00775,0,0.4949375,0
318,"diam, eigenvector centralization, effective graph resistence",47.39%,37.23%,49.48%,47.64%,0.009810908,0.020781978,0.009262028,0.073577553,0,0.4948125,0
306,"diam, degree centralization, closeness centralization",49.29%,43.35%,45.78%,45.69%,0.010695355,0.013196827,0.009186437,0.008373367,0,0.492875,0
305,"diam, edge connectivity, spectral radius",47.41%,44.75%,49.22%,47.29%,0.008377099,0.011011358,0.010338792,0.013775686,0.4740625,0.49225,0
304,"diam, edge connectivity, effective graph resistence",45.23%,43.30%,49.20%,46.55%,0.00880363,0.018236296,0.011864469,0.012108881,0.4523125,0.492,0
313,"diam, closeness centralization, effective graph resistence",49.17%,44.27%,47.76%,47.01%,0.011380493,0.009658424,0.0101875,0.006081799,0,0.49175,0
222,"APL, diam, edge connectivity",46.24%,39.11%,48.95%,40.54%,0.009837746,0.023226214,0.010341059,0.013217531,0.462375,0.4895,0
309,"diam, degree centralization, effective graph resistence",48.93%,44.29%,48.78%,47.28%,0.007376324,0.013296645,0.01038422,0.010270749,0.4893125,0.4893125,0
352,"edge connectivity, betweeness centralization, effective graph resistence",48.86%,42.20%,47.76%,45.32%,0.008463155,0.01557191,0.008752009,0.067911046,0.488625,0.488625,0
231,"APL, den, closeness centralization",48.58%,43.06%,46.03%,45.77%,0.011364178,0.014031215,0.00829274,0.0118125,0,0.4858125,0
353,"edge connectivity, betweeness centralization, spectral radius",48.57%,43.12%,46.65%,45.36%,0.012224463,0.014190253,0.008804296,0.067079011,0,0.48575,0
293,"diam, den, edge connectivity",45.97%,40.16%,47.85%,40.56%,0.010209715,0.007411984,0.009727538,0.01054177,0,0.4785,0
238,"APL, edge connectivity, betweeness centralization",47.80%,35.76%,40.75%,40.21%,0.013389595,0.012482644,0.010322911,0.010011907,0,0.478,0
323,"den, edge connectivity, betweeness centralization",47.09%,38.59%,41.94%,39.97%,0.013579195,0.008409444,0.007902976,0.01315844,0,0.4709375,0
233,"APL, den, eigenvector centralization",46.70%,32.53%,45.64%,40.96%,0.00893903,0.036423293,0.019057479,0.110737602,0.467,0.467,0
230,"APL, den, degree centralization",43.77%,44.14%,46.57%,45.64%,0.01075672,0.014358822,0.008775855,0.012202875,0,0.46575,0
229,"APL, den, edge connectivity",46.57%,37.78%,41.66%,40.05%,0.011083666,0.016320041,0.008647841,0.013278272,0,0.4656875,0
223,"APL, diam, degree centralization",43.57%,42.49%,45.81%,46.37%,0.010324614,0.01086296,0.012701501,0.009923339,0,0.4636875,0
294,"diam, den, degree centralization",43.56%,43.71%,45.78%,45.78%,0.012115976,0.012157977,0.011673287,0.010402824,0,0.45775,0
316,"diam, betweeness centralization, effective graph resistence",44.70%,33.43%,43.82%,35.36%,0.009038978,0.024266505,0.02270127,0.11204493,0.447,0.447,0
317,"diam, betweeness centralization, spectral radius",42.96%,32.15%,37.41%,38.54%,0.013024016,0.015482349,0.011054552,0.016882059,0,0.429625,0
225,"APL, diam, betweeness centralization",41.11%,29.70%,40.89%,35.19%,0.009518896,0.062713884,0.012430431,0.107716878,0.411125,0.411125,0
296,"diam, den, betweeness centralization",40.78%,31.94%,35.14%,40.06%,0.012,0.040481911,0.017008844,0.111272628,0.40775,0.40775,0
232,"APL, den, betweeness centralization",40.06%,28.59%,31.86%,35.77%,0.008555882,0.035278191,0.018387751,0.085509594,0.400625,0.400625,0
221,"APL, diam, den",39.18%,21.48%,23.71%,26.32%,0.010995205,0.024947132,0.020450397,0.043436781,0.3918125,0.3918125,0
